{
    "0": {
        "val_loss": 35.57285000939733,
        "val_f1": 0.4494667649269104,
        "val_auc": 0.712776780128479,
        "val_acc": 0.47198134660720825,
        "val_rec": 0.47198134660720825,
        "val_acc_0": 0.17230768501758575,
        "val_acc_1": 0.833566427230835,
        "val_acc_2": 0.7589743733406067,
        "val_acc_3": 0.1230769231915474,
        "val_f1_0": 0.16410256922245026,
        "val_f1_1": 0.7517133951187134,
        "val_f1_2": 0.7179487347602844,
        "val_f1_3": 0.16410256922245026,
        "val_auc_0": 0.5078921318054199,
        "val_auc_1": 0.7704678177833557,
        "val_auc_2": 0.9157509207725525,
        "val_auc_3": 0.6569963097572327,
        "val_rec_0": 0.17230768501758575,
        "val_rec_1": 0.833566427230835,
        "val_rec_2": 0.7589743733406067,
        "val_rec_3": 0.1230769231915474
    },
    "1": {
        "val_loss": 2.8236946016951143,
        "val_f1": 0.5594340562820435,
        "val_auc": 0.7942276000976562,
        "val_acc": 0.6228748559951782,
        "val_rec": 0.6228748559951782,
        "val_acc_0": 0.5897435545921326,
        "val_acc_1": 0.6658585667610168,
        "val_acc_2": 0.4512820541858673,
        "val_acc_3": 0.7384615540504456,
        "val_f1_0": 0.45846155285835266,
        "val_f1_1": 0.7262343168258667,
        "val_f1_2": 0.4512820839881897,
        "val_f1_3": 0.5556044578552246,
        "val_auc_0": 0.7968891859054565,
        "val_auc_1": 0.7887223362922668,
        "val_auc_2": 0.7864750027656555,
        "val_auc_3": 0.8048238754272461,
        "val_rec_0": 0.5897435545921326,
        "val_rec_1": 0.6658585667610168,
        "val_rec_2": 0.4512820541858673,
        "val_rec_3": 0.7384615540504456
    },
    "2": {
        "val_loss": 31.032558031870646,
        "val_f1": 0.4427448511123657,
        "val_auc": 0.7433546781539917,
        "val_acc": 0.4342857301235199,
        "val_rec": 0.4342857301235199,
        "val_acc_0": 0.1230769231915474,
        "val_acc_1": 0.7279120683670044,
        "val_acc_2": 0.6153846383094788,
        "val_acc_3": 0.27076923847198486,
        "val_f1_0": 0.16410256922245026,
        "val_f1_1": 0.6457047462463379,
        "val_f1_2": 0.6329669952392578,
        "val_f1_3": 0.3282051384449005,
        "val_auc_0": 0.7743589878082275,
        "val_auc_1": 0.6679365038871765,
        "val_auc_2": 0.794792890548706,
        "val_auc_3": 0.7363303303718567,
        "val_rec_0": 0.1230769231915474,
        "val_rec_1": 0.7279120683670044,
        "val_rec_2": 0.6153846383094788,
        "val_rec_3": 0.27076923847198486
    },
    "3": {
        "val_loss": 29.43928850367427,
        "val_f1": 0.510608971118927,
        "val_auc": 0.6824684143066406,
        "val_acc": 0.5196418166160583,
        "val_rec": 0.5196418166160583,
        "val_acc_0": 0.5169230699539185,
        "val_acc_1": 0.7921856045722961,
        "val_acc_2": 0.3692307770252228,
        "val_acc_3": 0.2461538463830948,
        "val_f1_0": 0.4841025769710541,
        "val_f1_1": 0.7047119736671448,
        "val_f1_2": 0.41611725091934204,
        "val_f1_3": 0.28131869435310364,
        "val_auc_0": 0.782120406627655,
        "val_auc_1": 0.7481196522712708,
        "val_auc_2": 0.6439560055732727,
        "val_auc_3": 0.5556776523590088,
        "val_rec_0": 0.5169230699539185,
        "val_rec_1": 0.7921856045722961,
        "val_rec_2": 0.3692307770252228,
        "val_rec_3": 0.2461538463830948
    },
    "4": {
        "val_loss": 30.279987296300284,
        "val_f1": 0.49789828062057495,
        "val_auc": 0.6747702360153198,
        "val_acc": 0.5646398067474365,
        "val_rec": 0.5646398067474365,
        "val_acc_0": 0.7384615540504456,
        "val_acc_1": 0.771672785282135,
        "val_acc_2": 0.5415384769439697,
        "val_acc_3": 0.1230769231915474,
        "val_f1_0": 0.46495723724365234,
        "val_f1_1": 0.7814019322395325,
        "val_f1_2": 0.4977777898311615,
        "val_f1_3": 0.16410256922245026,
        "val_auc_0": 0.8020512461662292,
        "val_auc_1": 0.7706959843635559,
        "val_auc_2": 0.662377655506134,
        "val_auc_3": 0.4639560282230377,
        "val_rec_0": 0.7384615540504456,
        "val_rec_1": 0.771672785282135,
        "val_rec_2": 0.5415384769439697,
        "val_rec_3": 0.1230769231915474
    },
    "5": {
        "val_loss": 3.367779971658513,
        "val_f1": 0.62625652551651,
        "val_auc": 0.8085817694664001,
        "val_acc": 0.6876679062843323,
        "val_rec": 0.6876679062843323,
        "val_acc_0": 0.7589743733406067,
        "val_acc_1": 0.5352869629859924,
        "val_acc_2": 0.5487179756164551,
        "val_acc_3": 0.8615384697914124,
        "val_f1_0": 0.4347652494907379,
        "val_f1_1": 0.6220555901527405,
        "val_f1_2": 0.5815384387969971,
        "val_f1_3": 0.8205128312110901,
        "val_auc_0": 0.7259960770606995,
        "val_auc_1": 0.7658119797706604,
        "val_auc_2": 0.7835446000099182,
        "val_auc_3": 0.9589743614196777,
        "val_rec_0": 0.7589743733406067,
        "val_rec_1": 0.5352869629859924,
        "val_rec_2": 0.5487179756164551,
        "val_rec_3": 0.8615384697914124
    },
    "6": {
        "val_loss": 14.81246845039569,
        "val_f1": 0.5673680305480957,
        "val_auc": 0.5926023721694946,
        "val_acc": 0.5636363625526428,
        "val_rec": 0.5636363625526428,
        "val_acc_0": 0.4430769085884094,
        "val_acc_1": 0.8135198354721069,
        "val_acc_2": 0.6153846383094788,
        "val_acc_3": 0.1230769231915474,
        "val_f1_0": 0.442757248878479,
        "val_f1_1": 0.8422186970710754,
        "val_f1_2": 0.5634188055992126,
        "val_f1_3": 0.16410256922245026,
        "val_auc_0": 0.6211321949958801,
        "val_auc_1": 0.8200466632843018,
        "val_auc_2": 0.6930403113365173,
        "val_auc_3": 0.23619046807289124,
        "val_rec_0": 0.4430769085884094,
        "val_rec_1": 0.8135198354721069,
        "val_rec_2": 0.6153846383094788,
        "val_rec_3": 0.1230769231915474
    },
    "7": {
        "val_loss": 11.604906657222735,
        "val_f1": 0.5667532682418823,
        "val_auc": 0.7922738790512085,
        "val_acc": 0.6605128645896912,
        "val_rec": 0.6605128645896912,
        "val_acc_0": 0.800000011920929,
        "val_acc_1": 0.508717954158783,
        "val_acc_2": 0.6974358558654785,
        "val_acc_3": 0.5897436141967773,
        "val_f1_0": 0.4800533056259155,
        "val_f1_1": 0.6505494117736816,
        "val_f1_2": 0.5497435927391052,
        "val_f1_3": 0.5405128598213196,
        "val_auc_0": 0.8175824880599976,
        "val_auc_1": 0.8591941595077515,
        "val_auc_2": 0.8504254221916199,
        "val_auc_3": 0.6418934464454651,
        "val_rec_0": 0.800000011920929,
        "val_rec_1": 0.508717954158783,
        "val_rec_2": 0.6974358558654785,
        "val_rec_3": 0.5897436141967773
    },
    "8": {
        "val_loss": 12.442208220461675,
        "val_f1": 0.5882148742675781,
        "val_auc": 0.750113844871521,
        "val_acc": 0.6275213360786438,
        "val_rec": 0.6275213360786438,
        "val_acc_0": 0.4923076927661896,
        "val_acc_1": 0.7367521524429321,
        "val_acc_2": 0.5784615278244019,
        "val_acc_3": 0.656410276889801,
        "val_f1_0": 0.41025641560554504,
        "val_f1_1": 0.7301489114761353,
        "val_f1_2": 0.6329669952392578,
        "val_f1_3": 0.5333333611488342,
        "val_auc_0": 0.6059170961380005,
        "val_auc_1": 0.795756995677948,
        "val_auc_2": 0.7712354063987732,
        "val_auc_3": 0.8275457620620728,
        "val_rec_0": 0.4923076927661896,
        "val_rec_1": 0.7367521524429321,
        "val_rec_2": 0.5784615278244019,
        "val_rec_3": 0.656410276889801
    },
    "9": {
        "val_loss": 22.867653695204865,
        "val_f1": 0.5021937489509583,
        "val_auc": 0.672674298286438,
        "val_acc": 0.48841553926467896,
        "val_rec": 0.48841553926467896,