{
    "0": {
        "val_loss": 44.151390075683594,
        "val_f1": 0.5754674077033997,
        "val_auc": 0.799474835395813,
        "val_acc": 0.5984836220741272,
        "val_rec": 0.5984836220741272,
        "val_acc_0": 0.5297766923904419,
        "val_acc_1": 0.7329748868942261,
        "val_acc_2": 0.6150537729263306,
        "val_acc_3": 0.5161290168762207,
        "val_f1_0": 0.5376344323158264,
        "val_f1_1": 0.7620843648910522,
        "val_f1_2": 0.6150537729263306,
        "val_f1_3": 0.3870967626571655,
        "val_auc_0": 0.6146933436393738,
        "val_auc_1": 0.8165642619132996,
        "val_auc_2": 0.8995340466499329,
        "val_auc_3": 0.8671077489852905,
        "val_rec_0": 0.5297766923904419,
        "val_rec_1": 0.7329748868942261,
        "val_rec_2": 0.6150537729263306,
        "val_rec_3": 0.5161290168762207
    },
    "1": {
        "val_loss": 44.219234466552734,
        "val_f1": 0.562222421169281,
        "val_auc": 0.7958638668060303,
        "val_acc": 0.5606619119644165,
        "val_rec": 0.5606619119644165,
        "val_acc_0": 0.7839687466621399,
        "val_acc_1": 0.8156682252883911,
        "val_acc_2": 0.3096774220466614,
        "val_acc_3": 0.3333333432674408,
        "val_f1_0": 0.6865177750587463,
        "val_f1_1": 0.7490081191062927,
        "val_f1_2": 0.442396342754364,
        "val_f1_3": 0.3709677457809448,
        "val_auc_0": 0.8299912214279175,
        "val_auc_1": 0.8504864573478699,
        "val_auc_2": 0.6624526977539062,
        "val_auc_3": 0.8405250906944275,
        "val_rec_0": 0.7839687466621399,
        "val_rec_1": 0.8156682252883911,
        "val_rec_2": 0.3096774220466614,
        "val_rec_3": 0.3333333432674408
    },
    "2": {
        "val_loss": 44.215457916259766,
        "val_f1": 0.5664044618606567,
        "val_auc": 0.8083340525627136,
        "val_acc": 0.6285610198974609,
        "val_rec": 0.6285610198974609,
        "val_acc_0": 0.4222874045372009,
        "val_acc_1": 0.700080931186676,
        "val_acc_2": 0.7419354915618896,
        "val_acc_3": 0.5161290168762207,
        "val_f1_0": 0.3870967626571655,
        "val_f1_1": 0.7668296098709106,
        "val_f1_2": 0.668202817440033,
        "val_f1_3": 0.3096774220466614,
        "val_auc_0": 0.7065929174423218,
        "val_auc_1": 0.8098970651626587,
        "val_auc_2": 0.9827956557273865,
        "val_auc_3": 0.7340501546859741,
        "val_rec_0": 0.4222874045372009,
        "val_rec_1": 0.700080931186676,
        "val_rec_2": 0.7419354915618896,
        "val_rec_3": 0.5161290168762207
    },
    "3": {
        "val_loss": 44.37760925292969,
        "val_f1": 0.5015242099761963,
        "val_auc": 0.7952942252159119,
        "val_acc": 0.49357056617736816,
        "val_rec": 0.49357056617736816,
        "val_acc_0": 0.2915632724761963,
        "val_acc_1": 0.7806451916694641,
        "val_acc_2": 0.29032257199287415,
        "val_acc_3": 0.6117511987686157,
        "val_f1_0": 0.3341014087200165,
        "val_f1_1": 0.6567742228507996,
        "val_f1_2": 0.4222874045372009,
        "val_f1_3": 0.5929340124130249,
        "val_auc_0": 0.7675912976264954,
        "val_auc_1": 0.7654377818107605,
        "val_auc_2": 0.8264888525009155,
        "val_auc_3": 0.8216589689254761,
        "val_rec_0": 0.2915632724761963,
        "val_rec_1": 0.7806451916694641,
        "val_rec_2": 0.29032257199287415,
        "val_rec_3": 0.6117511987686157
    },
    "4": {
        "val_loss": 44.22217559814453,
        "val_f1": 0.5866702198982239,
        "val_auc": 0.7854519486427307,
        "val_acc": 0.6305683255195618,
        "val_rec": 0.6305683255195618,
        "val_acc_0": 0.5591397881507874,
        "val_acc_1": 0.8341013789176941,
        "val_acc_2": 0.32258063554763794,
        "val_acc_3": 0.8064516186714172,
        "val_f1_0": 0.48156681656837463,
        "val_f1_1": 0.8318786025047302,
        "val_f1_2": 0.29130011796951294,
        "val_f1_3": 0.7419354915618896,
        "val_auc_0": 0.7629764676094055,
        "val_auc_1": 0.8459869623184204,
        "val_auc_2": 0.6516129374504089,
        "val_auc_3": 0.8812316060066223,
        "val_rec_0": 0.5591397881507874,
        "val_rec_1": 0.8341013789176941,
        "val_rec_2": 0.32258063554763794,
        "val_rec_3": 0.8064516186714172
    }
}